key,white,black,asian,hispanic,other,single,married,renters,owners,minors,seniors,low-income,med-income,high-income,drive,carpool,transit,bike,walk,home,nonenglish
1,68.70677807,6.647178167,8.917079343,9.794061825,5.934902594,53.62493065,46.37506935,40.29372497,59.70627503,61.38751699,38.61248301,32.82700802,58.1267466,9.04624538,64.7316517,11.29403293,14.57062271,1.54427797,1.954351783,5.905062911,19.87281572
2,30.94461482,19.9260953,33.36439787,9.391965843,6.372926171,53.22174512,46.77825488,45.50449115,54.49550885,60.40052269,39.59947731,52.30392974,43.12156078,4.574509477,59.59017697,11.94938549,19.63697494,1.608396374,3.457597855,3.757468366,46.86446831
3,68.24456945,10.52227595,9.101176574,6.498020768,5.633957257,66.92686175,33.07313825,61.43171289,38.56828711,53.09974243,46.90025757,41.9065011,47.11833455,10.97516435,43.27712447,6.353080393,20.79912728,4.431994675,19.19236743,5.946305747,17.99839907
4,73.04471952,2.337175363,13.75460724,4.951317724,5.912180156,67.71641102,32.28358898,56.17560829,43.82439171,61.94439446,38.05560554,36.55131501,50.12457979,13.3241052,48.49535432,7.300354617,19.77336213,5.899716703,11.51415496,7.017057274,16.46888382
5,68.68300153,5.650620325,12.03808509,7.309630024,6.318663027,54.59088477,45.40911523,45.90360291,54.09639709,54.61250743,45.38749257,44.34005291,49.31588069,6.344066405,61.13646309,11.78137567,17.12404409,2.583817799,2.6359109,4.738388448,22.67794127
6,83.41764023,1.626803961,5.166567151,4.807183173,4.981805482,53.18035905,46.81964095,43.8186553,56.1813447,60.91476946,39.08523054,25.12978933,65.48676363,9.383447033,58.15096025,8.439407474,17.33846955,4.911046598,3.854027095,7.306089028,11.85854466
7,75.30456617,4.256951548,9.247419325,5.753045662,5.438017297,65.46396953,34.53603047,67.28927203,32.71072797,42.69348827,57.30651173,37.08718731,50.98057913,11.93223356,46.08046017,7.561993616,18.03865175,2.11146575,18.54021255,7.667216162,16.67674137
avg,66.73660034,7.330889335,13.18212937,6.944413772,5.805967183,59.46015226,40.53984774,52.23151034,47.76848966,57.17972783,42.82027217,38.13790256,52.10982659,9.752270851,54.1080594,9.103553657,18.18555812,3.340124594,9.123143831,6.139560397,21.87120426